projects_id,project_title,project_description,technology_stack,domain,skills_required,difficulty_level,prerequisties,project_type,duration,tags,reference_link,resource_link,user_ratings_avg
P001,Customer Segmentation using K-Means Clustering,"This project uses unsupervised learning to divide a customer base into segments, helping businesses target marketing strategies more effectively using K-Means clustering.","Python, Scikit-learn, Pandas, Matplotlib",Datascience,"K-Means, Clustering",Intermediate,"Basic Statistics, Python",Implementation,2 months,"Clustering, Data Science",https://scholar.google.com/scholar?hl=en&as_sdt=0%2C5&q=%22Customer+Segmentation+using+K-Means+Clustering%22&btnG=,https://github.com/NelakurthiSudheer/Mall-Customers-Segmentation,4.5/5
P002,House Price Prediction Model,"This project uses regression algorithms to predict the price of a house based on features such as square footage, location, and other factors using a dataset like Boston Housing.","Python, Scikit-learn, Pandas, Matplotlib",Datascience,"Linear Regression, Data Preprocessing",Intermediate,"Linear Algebra, Python",Implementation,3 months,"Regression, Real Estate",https://scholar.google.com/scholar?hl=en&as_sdt=05&q=House+Price+Prediction+Model+USING+Data+Science,https://github.com/MYoussef885/House_Price_Prediction,4.2/5
P003,Sentiment Analysis on Social Media Posts,"This project processes social media posts to analyze sentiments using natural language processing (NLP) techniques, helping businesses understand public opinion on products or services.","Python, NLTK, Scikit-learn",Datascience,"Sentiment Analysis, NLP",Intermediate,"Python, Basic NLP",Research,2 months,"Sentiment Analysis, NLP",https://scholar.google.com/scholar?hl=en&as_sdt=0_5&q=Sentiment+Analysis+on+Social+Media+Posts+using+data+science,https://github.com/vijit-kala/Social-Media-Sentiment-Analysis-Using-Machine-Learning,4.8/5
P004,Stock Market Price Prediction using LSTM,"This project uses long short-term memory (LSTM) networks to predict future stock prices by learning from historical stock price data, helping investors make informed decisions.","Python, TensorFlow, Keras, LSTM",Datascience,"Time Series, LSTM, Deep Learning",Advanced,"Time Series, Python",Research,4 months,"LSTM, Stock Market",https://scholar.google.com/scholar?hl=en&as_sdt=0%2C5&q=Stock+Market+Price+Prediction+using+LSTM&btnG=,https://github.com/034adarsh/Stock-Price-Prediction-Using-LSTM,4.6/5
P005,Image Classification using Convolutional Neural Networks,"This project builds an image classifier using convolutional neural networks (CNNs) to classify images into categories, commonly used in computer vision applications.","Python, Keras, TensorFlow, OpenCV",Datascience,"CNN, Image Processing",Advanced,"Machine Learning Basics, Python",Implementation,3 months,"CNN, Computer Vision",https://scholar.google.com/scholar?hl=en&as_sdt=0%2C5&q=Image+Classification+using+Convolutional+Neural+Networks&btnG=,https://github.com/anubhavparas/image-classification-using-cnn,4.3/5
P006,Recommendation System using Collaborative Filtering,"This project develops a recommendation system for e-commerce or media platforms, providing personalized suggestions based on collaborative filtering techniques.","Python, Scikit-learn, Pandas, Surprise",Datascience,"Collaborative Filtering, Matrix Factorization",Intermediate,"Python, Basic ML",Implementation,2 months,"Recommendation, Machine Learning",https://scholar.google.com/scholar?hl=en&as_sdt=0%2C5&q=Recommendation+System+using+Collaborative+Filtering&btnG=,https://github.com/pratiknabriya/Recommender-System-Collaborative-Filtering-MovieLens,4.7/5
P007,Churn Prediction for Telecom Customers,This project uses machine learning algorithms to predict whether a customer is likely to churn (leave the service) based on their usage and behavior patterns in the telecom industry.,"Python, Scikit-learn, Pandas, Matplotlib",Datascience,"Logistic Regression, Classification",Intermediate,"Statistics, Python",Implementation,2 months,"Churn Prediction, Telecom",https://scholar.google.com/scholar?hl=en&as_sdt=0%2C5&q=Churn+Prediction+for+Telecom+Customers&btnG=,https://github.com/ChaitanyaC22/Telecom-Churn-Prediction,4.0/5
P008,Data Cleaning and Feature Engineering for ML Models,"This project explores the process of preparing raw data for machine learning models, focusing on techniques like handling missing values, encoding categorical variables, and feature scaling.","Python, Pandas, Scikit-learn",Datascience,"Data Cleaning, Feature Engineering",Beginner,"Python, ML Basics",Implementation,1 months,"Data Preprocessing, ML",https://scholar.google.com/scholar?hl=en&as_sdt=0%2C5&q=Data+Cleaning+and+Feature+Engineering+for+ML+Models&btnG=,https://github.com/ashishpatel26/Amazing-Feature-Engineering,4.4/5
P009,Time Series Forecasting with ARIMA,"This project uses ARIMA models to predict future values in time series data, such as predicting sales or stock prices, helping businesses with forecasting.","Python, Statsmodels, Pandas",Datascience,"Time Series, ARIMA",Intermediate,"Statistics, Python",Research,3 months,"Time Series, Forecasting",https://scholar.google.com/scholar?hl=en&as_sdt=0%2C5&q=Time+Series+Forecasting+with+ARIMA&btnG=,https://github.com/microsoft/ML-For-Beginners/blob/main/7-TimeSeries/2-ARIMA/README.md,4.2/5
P010,Clustering Analysis of Customer Behavior,"This project uses clustering algorithms to group customers based on purchasing habits, providing insights for targeted marketing strategies.","Python, Scikit-learn, Pandas, Matplotlib",Datascience,"Clustering, Data Mining",Intermediate,"Data Analysis, Python",Implementation,2 months,"Clustering, Customer Behavior",https://scholar.google.com/scholar?hl=en&as_sdt=0%2C5&q=Clustering+Analysis+of+Customer+Behavior&btnG=,https://github.com/rnurgulmez/Customer-Behavior-Clustering,4.1/5
P011,Natural Language Processing for Text Classification,"This project involves classifying text data into categories, using machine learning models for NLP tasks like spam detection or sentiment analysis.","Python, NLTK, Scikit-learn, TensorFlow",Datascience,"Text Classification, NLP",Advanced,"Python, Text Processing",Implementation,2 months,"NLP, Text Classification",https://scholar.google.com/scholar?hl=en&as_sdt=0%2C5&q=Natural+Language+Processing+for+Text+Classification&btnG=,https://github.com/vijayaiitk/NLP-text-classification-model,4.3/5
P012,Predicting Loan Default with Machine Learning,This project develops a model to predict whether a loan applicant will default or repay based on their financial history using classification techniques.,"Python, Scikit-learn, Pandas",Datascience,"Logistic Regression, ML",Intermediate,"Statistics, Python",Implementation,2 months,"Loan Prediction, Machine Learning",https://scholar.google.com/scholar?hl=en&as_sdt=0%2C5&q=Predicting+Loan+Default+with+Machine+Learning&btnG=,https://github.com/suhasmaddali/Predicting-Loan-Default-Using-Machine-Learning,4.6/5
P013,Market Basket Analysis with Apriori Algorithm,"This project applies the Apriori algorithm for market basket analysis, finding frequent itemsets and association rules that help businesses understand customer purchase patterns.","Python, Mlxtend, Pandas",Datascience,"Market Basket Analysis, Association Rules",Beginner,"Python, Data Mining",Implementation,2 months,"Apriori, Market Basket",https://scholar.google.com/scholar?hl=en&as_sdt=0%2C5&q=Market+Basket+Analysis+with+Apriori+Algorithm&btnG=,https://github.com/MohdTalib0/Market-Basket-Analysis-in-Python-using-Apriori-Algorithm,4.5/5
P014,AI-Powered Resume Screening System,This project automates the resume screening process by classifying resumes based on job requirements using NLP and machine learning algorithms.,"Python, NLTK, Scikit-learn",Datascience,"NLP, Machine Learning",Intermediate,"AI, HR Basics",Research,3 months,"Resume Screening, AI",https://scholar.google.com/scholar?hl=en&as_sdt=0%2C5&q=AI-Powered+Resume+Screening+System&btnG=,https://github.com/BorHan-U/An-AI-Based-Resume-Screening-For-Job-Recruitment,4.7/5
P015,Health Risk Prediction from Patient Data,"This project uses machine learning models to predict health risks, such as diabetes or heart disease, based on a dataset of patient medical history and lifestyle data.","Python, Scikit-learn, Pandas, Matplotlib",Datascience,"Machine Learning, Health Data",Intermediate,"Medical Data, Python",Research,4 months,"Health Prediction, ML",https://scholar.google.com/scholar?hl=en&as_sdt=0%2C5&q=Health+Risk+Prediction+from+Patient+Data&btnG=,https://github.com/microsoft/Machine-Learning-Patient-Risk-Analyzer-SA,4.4/5
P016,Traffic Flow Prediction using Regression,"This project develops a model to predict traffic flow using regression techniques, helping optimize traffic management and reduce congestion.","Python, Scikit-learn, Pandas, Matplotlib",Datascience,"Regression, Data Analysis",Intermediate,"Statistics, Python",Implementation,2 months,"Traffic Prediction, ML",https://scholar.google.com/scholar?hl=en&as_sdt=0%2C5&q=Traffic+Flow+Prediction+using+Regression&btnG=,https://github.com/thenomaniqbal/Traffic-flow-prediction/blob/master/Traffic_prediction.ipynb,4.2/5
P017,Fake News Detection using NLP,"This project uses natural language processing to analyze news articles and classify them as real or fake, helping combat misinformation.","Python, NLTK, Scikit-learn, TensorFlow",Datascience,"Text Classification, NLP",Advanced,"NLP, Data Mining",Research,2 months,"Fake News, NLP",https://scholar.google.com/scholar?hl=en&as_sdt=0%2C5&q=%22Fake+News+Detection+using+NLP&btnG=,https://github.com/vijaisuria/Fake-News-Detective,4.5/5
P018,AI Chatbot for Customer Service,This project focuses on building an AI-driven chatbot using Natural Language Processing (NLP) to provide automated customer support. The objective is to enhance service quality by using machine learning algorithms.,"Python, NLTK, TensorFlow",Artificial Intelligence,"NLP, Chatbots, Deep Learning",Intermediate,"Python, Basic AI",Implementation,3 months,"Chatbot, Customer Service",https://scholar.google.com/scholar?hl=en&as_sdt=0%2C5&q=AI+Chatbot+for+Customer+Service%22&btnG=,https://github.com/titi-devv/Exclusible-AI-Customer-Support,4.6/5
P019,AI-based Image Captioning,This AI project develops a system that generates captions for images. It uses Convolutional Neural Networks (CNNs) for image analysis and Recurrent Neural Networks (RNNs) for text generation.,"Python, Keras, TensorFlow",Artificial Intelligence,"Image Processing, NLP",Advanced,"Deep Learning, Computer Vision",Research,4 months,"Image Captioning, AI",https://scholar.google.com/scholar?hl=en&as_sdt=0%2C5&q=AI-based+Image+Captioning&btnG=,https://github.com/Arbazkhan-cs/AI-Powered-Image-Captioning,4.7/5
P020,Facial Emotion Recognition System,"The project builds a system that can detect emotions like happiness, sadness, anger, etc., from facial expressions using a combination of deep learning and computer vision techniques.","Python, OpenCV, Keras, TensorFlow",Artificial Intelligence,"Computer Vision, Deep Learning",Intermediate,"Image Processing, Python",Implementation,3 months,"Emotion Recognition, AI",https://scholar.google.com/scholar?hl=en&as_sdt=0%2C5&q=Facial+Emotion+Recognition+System+using+AI&btnG=,https://github.com/atulapra/Emotion-detection,4.5/5
P021,AI-Powered Spam Email Classifier,This project develops an AI model to classify emails as spam or not spam using machine learning algorithms like Naive Bayes or SVM. It focuses on text analysis and feature extraction from email contents.,"Python, Scikit-learn, NLTK",Artificial Intelligence,"NLP, Machine Learning",Beginner,"Python, Data Preprocessing",Implementation,2 months,"Spam Detection, Email",https://scholar.google.com/scholar?hl=en&as_sdt=0%2C5&q=AI-Powered+Spam+Email+Classifier&btnG=,https://github.com/PuruSinghvi/Spam-Email-Classifier,4.8/5
P022,AI-Driven Personal Assistant,"This project involves creating an AI-driven assistant that can schedule tasks, send emails, and interact with users using voice commands, leveraging speech recognition and NLP techniques.","Python, TensorFlow, Speech Recognition",Artificial Intelligence,"NLP, Voice Recognition",Advanced,"AI, Python, NLP",Implementation,4 months,"Personal Assistant, AI",https://scholar.google.com/scholar?hl=en&as_sdt=0%2C5&q=AI-Driven+Personal+Assistant&btnG=HB,https://github.com/shivam1808/AI-based-Virtual-Assistant,4.6/5
P023,AI-based Disease Diagnosis System,"The objective of this project is to create an AI system that can analyze medical images (e.g., X-rays, MRI scans) to diagnose diseases like pneumonia or cancer using deep learning techniques.","Python, Keras, OpenCV, TensorFlow",Artificial Intelligence,"Machine Learning, Medical Data",Intermediate,"Medical Data, AI",Research,5 months,"Disease Diagnosis, AI",https://scholar.google.com/scholar?hl=en&as_sdt=0%2C5&q=%22AI-based+Disease+Diagnosis+System%22&btnG=,https://github.com/picoders1/AI-based-Healthcare-Chatbot-and-Disease-Detection-System/blob/main/README.md,4.7/5
P024,Recommendation System for E-commerce,"This project builds a personalized recommendation system for e-commerce platforms, recommending products based on user preferences and previous purchase history using collaborative filtering techniques.","Python, Scikit-learn, TensorFlow",Artificial Intelligence,"Collaborative Filtering, ML",Intermediate,"E-commerce, Python",Implementation,3 months,"Recommendation, E-commerce",https://scholar.google.com/scholar?hl=en&as_sdt=0%2C5&q=Recommendation+System+for+E-commerce&btnG=,https://github.com/Vaibhav67979/Ecommerce-product-recommendation-system,4.6/5
P025,AI-Based Traffic Signal Control System,This project aims to improve urban traffic flow by implementing an AI-driven system that adjusts traffic signal timings based on real-time traffic data using reinforcement learning.,"Python, TensorFlow, Reinforcement Learning",Artificial Intelligence,"Traffic Control, Deep Learning",Intermediate,"AI, Traffic Management",Research,4 months,"Traffic Control, AI",https://scholar.google.com/scholar?hl=en&as_sdt=0%2C5&q=%22AI-Based+Traffic+Signal+Control+System%22&btnG=,https://github.com/Natnael-k/AI-based-Traffic-Control-System--,4.5/5
P026,Handwritten Digit Recognition System,The goal of this project is to recognize handwritten digits from images using machine learning algorithms and deep learning models like CNN. It is based on datasets like MNIST.,"Python, Scikit-learn, Keras, TensorFlow",Artificial Intelligence,"Deep Learning, CNN",Beginner,Machine Learning Basics,Implementation,2 months,"Digit Recognition, AI",https://scholar.google.com/scholar?hl=en&as_sdt=0%2C5&q=%22Handwritten+Digit+Recognition+System%22&btnG=,https://github.com/aakashjhawar/handwritten-digit-recognition,4.8/5
P027,AI-based Fraud Detection in Banking,This project builds a fraud detection system for banking applications using machine learning algorithms to analyze transaction patterns and detect anomalies that may indicate fraudulent activity.,"Python, Scikit-learn, TensorFlow",Artificial Intelligence,"Fraud Detection, ML",Advanced,"Financial Data, Python",Implementation,3 months,"Fraud Detection, Banking",https://scholar.google.com/scholar?hl=en&as_sdt=0%2C5&q=%22AI-based+Fraud+Detection+in+Banking%22&btnG=,https://github.com/Tek-nr/AI-Based-Fraud-Detection,4.6/5
P028,AI-powered Virtual Assistant for Education,"This project involves creating an AI-powered virtual assistant for students, which can recommend learning resources, answer academic questions, and manage schedules using NLP and machine learning.","Python, NLP, TensorFlow",Artificial Intelligence,"NLP, Virtual Assistant",Intermediate,"AI, Education",Implementation,4 months,"Education, Virtual Assistant",https://www.irjmets.com/uploadedfiles/paper/issue_3_march_2023/35205/final/fin_irjmets1680623931.pdf,https://github.com/KayvanShah1/VirtuTA,4.7/5
P029,AI-based Voice Recognition System,This project builds a voice recognition system using machine learning and speech recognition techniques. The goal is to process voice commands and classify them into predefined categories.,"Python, SpeechRecognition, TensorFlow",Artificial Intelligence,"Voice Recognition, NLP",Intermediate,"NLP, Audio Processing",Research,3 months,"Voice Recognition, AI",https://scholar.google.com/scholar?hl=en&as_sdt=0%2C5&q=%22AI-based+Voice+Recognition+System&btnG=,https://github.com/openai/whisper,4.6/5
P030,AI-Driven Financial Market Prediction,This project involves using deep learning techniques like LSTM networks to predict stock market trends and prices based on historical data. The objective is to provide insights for investors in the financial market.,"Python, TensorFlow, Keras, LSTM",Artificial Intelligence,"Time Series, Deep Learning",Advanced,"Finance, Deep Learning",Research,4 months,"Financial Market, AI",https://scholar.google.com/scholar?hl=en&as_sdt=0%2C5&q=%22AI-Driven+Financial+Market+Prediction%22&btnG=,https://github.com/llSourcell/AI_in_Finance/blob/master/Market%20Prediction.ipynb,4.8/5
P031,AI-based Automated Essay Scoring,"This project creates a system to automatically grade essays by analyzing their content, grammar, structure, and coherence. The system uses NLP and machine learning algorithms to evaluate the quality of the essay.","Python, NLTK, Scikit-learn",Artificial Intelligence,"Finance, Deep Learning",Intermediate,"AI, NLP",Implementation,2 months,"Essay Grading, AI",https://scholar.google.com/scholar?hl=en&as_sdt=0%2C5&q=AI-based+Automated+Essay+Scoring&btnG=,https://github.com/sankalpjain99/Automatic-Essay-Scoring,4.4/5
P032,AI-based Social Media Sentiment Analysis,"This project analyzes sentiments (positive, negative, neutral) in social media posts using NLP and machine learning. It helps businesses gauge public opinion and understand consumer behavior.","Python, NLTK, Scikit-learn, TensorFlow",Artificial Intelligence,"AI, NLP",Intermediate,"Social Media, Python",Implementation,3 months,"Sentiment Analysis, AI",https://scholar.google.com/scholar?hl=en&as_sdt=0%2C5&q=AI-based+Social+Media+Sentiment+Analysis&btnG=,https://github.com/11Shraddha/SentimentAnalysis_NLP,4.5/5
P033,Fraud Detection in Financial Transactions,Detect fraudulent transactions using ML models.,"Python, Scikit-Learn, TensorFlow",Machine Learning,"Data Analysis, Fraud Detection",Advanced,"Python, ML Basics",Research-Based,6 months,"fraud detection, transactions, ML",https://scholar.google.com/scholar?hl=en&as_sdt=0%2C5&q=Fraud+Detection+in+Financial+Transactions+&btnG=,https://github.com/juniorcl/transaction-fraud-detection,4.5/5
P034,Movie Recommendation System,Build a recommendation system to suggest movies based on user preferences.,"Python, Pandas, Scikit-Learn",Machine Learning,"Recommendation Systems, ML",Intermediate,"Python, ML Basics",Implementation,2 months,"recommendation, movies, user-based",https://scholar.google.com/scholar?hl=en&as_sdt=0%2C5&q=Movie+Recommendation+System&btnG=,https://github.com/entbappy/Movie-Recommender-System-Using-Machine-Learning,4.2/5
P035,Sentiment Analysis of Social Media Posts,"Analyze the sentiment (positive, negative, neutral) of social media posts using NLP.","Python, NLP, TensorFlow",Machine Learning,"NLP, Text Analysis, ML",Intermediate,"Python, NLP Basics",Research-Based,5 months,"sentiment, social media, NLP",https://scholar.google.com/scholar?hl=en&as_sdt=0%2C5&q=Sentiment+Analysis+of+Social+Media+Posts&btnG=,https://github.com/vijit-kala/Social-Media-Sentiment-Analysis-Using-Machine-Learning,4.3/5
P036,Handwritten Digit Recognition,Recognize handwritten digits using a neural network model.,"Python, TensorFlow, OpenCV",Machine Learning,"Deep Learning, Image Processing",Intermediate,"Python, Neural Networks",Implementation,4 months,"digit recognition, handwritten, ML",https://scholar.google.com/scholar?hl=en&as_sdt=0%2C5&q=handwritten+digit+recognition+using+machine+learning&oq=Handwritten+Digit+Recognition+,https://github.com/aakashjhawar/handwritten-digit-recognition,4.4/5
P037,Stock Price Prediction Using ML,Predict future stock prices based on historical data using ML models.,"Python, Pandas, Scikit-Learn",Machine Learning,"Time Series, ML, Finance",Advanced,"Python, ML Basics, Finance",Research-Based,4 months,"stock prediction, finance, ML",https://scholar.google.com/scholar?hl=en&as_sdt=0%2C5&q=Stock+Price+Prediction+Using+Machine+Learning&btnG=,https://github.com/Vatshayan/Final-Year-Machine-Learning-Stock-Price-Prediction-Project,4.6/5
P038,Speech Emotion Recognition,Identify emotions from speech using deep learning models.,"Python, TensorFlow, Librosa",Machine Learning,"Deep Learning, Audio Processing",Advanced,"Python, Audio Processing",Research-Based,3 months,"speech recognition, emotions, ML",https://scholar.google.com/scholar?hl=en&as_sdt=0%2C5&q=Speech+Emotion+Recognition+Using+Machine+Learning&btnG=,https://github.com/MeidanGR/SpeechEmotionRecognition_Realtime,4.5/5
P039,Breast Cancer Prediction,Predict breast cancer risk using ML classification models.,"Python, Scikit-Learn, Pandas",Machine Learning,"Classification, Data Analysis",Intermediate,"Python, ML Basics, Healthcare",Implementation,3 months,"cancer prediction, healthcare, ML",https://scholar.google.com/scholar?hl=en&as_sdt=0%2C5&q=Breast+Cancer+Prediction+using+Machine+Learning&btnG=,https://github.com/gscdit/Breast-Cancer-Detection,4.7/5
P040,Fake News Detection,Detect whether a news article is fake or real using NLP.,"Python, NLP, Scikit-Learn",Machine Learning,"NLP, Text Classification",Intermediate,"Python, NLP Basics",Implementation,4 months,"fake news, classification, ML",https://scholar.google.com/scholar?hl=en&as_sdt=0%2C5&q=Fake+News+Detection+using+Machine+Learning&btnG=,https://github.com/kapilsinghnegi/Fake-News-Detection,4.4/5
P041,Crop Yield Prediction,Predict the yield of crops based on soil and weather conditions.,"Python, Scikit-Learn, Pandas",Machine Learning,"Data Analysis, Agriculture",Intermediate,"Python, ML Basics, Agriculture",Research-Based,3 months,"crop prediction, agriculture, ML",https://scholar.google.com/scholar?hl=en&as_sdt=0%2C5&q=Crop+Yield+Prediction+using+Machine+Learning&btnG=,https://github.com/ankitaS11/Crop-Yield-Prediction-in-India-using-ML,4.3/5
P042,Customer Churn Prediction,Predict customer churn for businesses using ML models.,"Python, Scikit-Learn, Pandas",Machine Learning,"Classification, Business Analytics",Intermediate,"Python, ML Basics, Business",Research-Based,4 months,"customer churn, business, ML",https://scholar.google.com/scholar?hl=en&as_sdt=0%2C5&q=Customer+Churn+Prediction+using+Machine+Learning&btnG=,https://github.com/Sameer-ansarii/Customer-Churn-Prediction,4.5/5
P043,Traffic Sign Recognition,Identify and classify traffic signs using a deep learning model.,"Python, TensorFlow, OpenCV",Machine Learning,"Deep Learning, Image Processing",Advanced,"Python, CNN Basics",Implementation,4 months,"traffic signs, image recognition, ML",https://scholar.google.com/scholar?hl=en&as_sdt=0%2C5&q=Traffic+Sign+Recognition+using+Machine+Learning&btnG=,https://github.com/hoanglehaithanh/Traffic-Sign-Detection,4.6/5
P044,Diabetes Prediction,Predict the likelihood of diabetes using patient data and ML classification models.,"Python, Scikit-Learn, Pandas",Machine Learning,"Classification, Healthcare",Intermediate,"Python, ML Basics, Healthcare",Implementation,3 months,"diabetes prediction, healthcare, ML",https://scholar.google.com/scholar?hl=en&as_sdt=0%2C5&q=Diabetes+Prediction+using+Machine+Learning&btnG=,https://github.com/Aditya-Mankar/Diabetes-Prediction,4.5/5
P045,House Price Prediction,"Predict house prices based on features like location, size, and market trends.","Python, Scikit-Learn, Pandas",Machine Learning,"Regression, Real Estate",Intermediate,"Python, ML Basics, Real Estate",Implementation,4 months,"house price, real estate, ML",https://scholar.google.com/scholar?hl=en&as_sdt=0%2C5&q=House+Price+Prediction+using+Machine+Learning&btnG=,https://github.com/MYoussef885/House_Price_Prediction,4.7/5
P046,Loan Default Prediction,Predict whether a loan applicant will default based on financial history and ML models.,"Python, Scikit-Learn, Pandas",Machine Learning,"Classification, Finance",Advanced,"Python, ML Basics, Finance",Research-Based,3 months,"loan default, finance, ML",https://scholar.google.com/scholar?hl=en&as_sdt=0%2C5&q=Loan+Default+Prediction+using+Machine+Learning&btnG=,https://github.com/danieljordan2/Loan-default-prediction,4.6/5
P047,Autonomous Vehicle Path Planning,Develop an AI model for autonomous vehicles to plan optimal driving paths.,"Python, Deep Learning, ROS",Machine Learning,"Deep Learning, Robotics",Advanced,"Python, Reinforcement Learning",Research-Based,4 months,"autonomous vehicle, robotics, ML",https://scholar.google.com/scholar?hl=en&as_sdt=0%2C5&q=Autonomous+Vehicle+Path+Planning+using+Machine+Learning&btnG=,https://github.com/zhm-real/MotionPlanning,4.8/5
P048,Personal Portfolio Website,"A website showcasing personal details, skills, and projects.","HTML, CSS, JavaScript",Web Development,"HTML, CSS, Responsive Design",Beginner,Basic HTML & CSS,Implementation,1 month,"Portfolio, Webpage",https://scholar.google.com/scholar?hl=en&as_sdt=0%2C5&q=Personal+Portfolio+Website&btnG=,https://github.com/codewithsadee/portfolio,4.5/5
P049,To-Do List Application,"A task management app for users to add, update, and delete tasks.","HTML, CSS, JavaScript",Web Development,"JavaScript, DOM Manipulation",Beginner,Basic JavaScript,Prototype,1 month,"Task Manager, Productivity",https://scholar.google.com/scholar?hl=en&as_sdt=0%2C5&q=To-Do+List+Application+&btnG=,https://github.com/Lordwill1/todo-list,4.2/5
P050,Blogging Website,"A simple blogging platform where users can post, edit, and delete blog posts.","HTML, CSS, JavaScript, PHP",Web Development,Frontend & Backend Development,Intermediate,Basic Web Development,Product Development,2 months,"Blog, CMS, Content Management",https://scholar.google.com/scholar?hl=en&as_sdt=0%2C5&q=Blogging+Website&btnG=,https://github.com/kunaal438/blogging-site,4.3/5
P051,Weather App,A web app that fetches and displays weather data from an API.,"HTML, CSS, JavaScript, API",Web Development,"API Integration, JavaScript",Beginner,API knowledge,Prototype,1 month,"Weather, Forecasting",https://scholar.google.com/scholar?hl=en&as_sdt=0%2C5&q=Weather+App&btnG=,https://github.com/Prince-Shivaram/Simple-Weather-App,4.4/5
P052,E-commerce Website,"An online store with product listings, cart, and checkout.","HTML, CSS, JavaScript, PHP, MySQL",Web Development,Full-Stack Web Development,Advanced,Database Management,Product Development,3 months,"E-commerce, Online Shopping",https://scholar.google.com/scholar?hl=en&as_sdt=0%2C5&q=E-commerce+Website&btnG=,https://github.com/lassiecoder/E-CommerceWebsite,4.6/5
P053,Online Resume Builder,A web app that helps users create and download their resumes.,"HTML, CSS, JavaScript, React.js",Web Development,"React.js, Form Handling",Intermediate,React.js basics,Implementation,2 months,"Resume, Career, CV",https://scholar.google.com/scholar?hl=en&as_sdt=0%2C5&q=Online+Resume+Builder&btnG=,https://github.com/PriontoAbdullah/Resume-Builder-Web-App,4.3/5
P054,Event Management System,"A platform for creating, managing, and registering for events.","HTML, CSS, JavaScript, Node.js, MongoDB",Web Development,"MERN Stack, Database Management",Advanced,"MongoDB, Express.js",Product Development,3 months,"Events, Registration, Scheduling",https://scholar.google.com/scholar?hl=en&as_sdt=0%2C5&q=Online+Resume+Builder&btnG=,https://github.com/GanapathySubramanian/Event-Management-System,4.5/5
P055,Chat Application,A real-time messaging app for communication.,"HTML, CSS, JavaScript, Firebase",Web Development,"WebSockets, Firebase",Intermediate,"WebSockets, Firebase",Prototype,2 months,"Chat, Messaging, Communication",https://scholar.google.com/scholar?hl=en&as_sdt=0%2C5&q=Online+Resume+Builder&btnG=,https://github.com/Rohail30/Real-Time-Chat-App,4.4/5
P056,AI-Powered Chatbot for Support,A chatbot that automates responses to customer queries.,"HTML, CSS, JavaScript, Python, NLP",Web Development,"NLP, AI, Python",Advanced,"NLP, AI Knowledge",Research-Based,4 months,"Chatbot, AI, Automation",https://scholar.google.com/scholar?hl=en&as_sdt=0%2C5&q=AI-Powered+Chatbot+for+Support&btnG=,https://github.com/titi-devv/Exclusible-AI-Customer-Support,4.7/5
P057,Project Management Tool,"A tool for tracking tasks, deadlines, and team collaboration.","React.js, Node.js, MongoDB",Web Development,Full-Stack Web Development,Advanced,MERN Stack,Product Development,4 months,"Project Management, Task Tracking",https://scholar.google.com/scholar?hl=en&as_sdt=0%2C5&q=Project+Management+Tool&btnG=,https://github.com/shahedbd/awesome-project-management,4.6/5
P058,Online Code Editor,"A browser-based code editor supporting HTML, CSS, and JS previews.","HTML, CSS, JavaScript, WebAssembly",Web Development,"Web Development, Code Execution",Advanced,WebAssembly knowledge,Implementation,3 months,"Code Editor, Online IDE",https://scholar.google.com/scholar?hl=en&as_sdt=0%2C5&q=Online+Code+Editor&btnG=,https://github.com/inerttila/Online-Code-Editor,4.5/5
P059,AI-Based Resume Analyzer,A tool that scans resumes and provides AI-powered feedback.,"HTML, CSS, JavaScript, Python, NLP",Web Development,"NLP, Resume Parsing",Advanced,"NLP, AI, Python",Research-Based,4 months,"Resume, AI, Career",https://scholar.google.com/scholar?hl=en&as_sdt=0%2C5&q=AI-Based+Resume+Analyzer&btnG=,https://github.com/deepakpadhi986/AI-Resume-Analyzer,4.8/5
P060,Smart Home Automation,A system to control home appliances remotely using a smartphone app.,"Arduino, MQTT, Android",Internet of Things,"Embedded Systems, Mobile App Development",Beginner,Basic electronics knowledge,Implementation,2 months,"Home Automation, IoT",https://scholar.google.com/scholar?hl=en&as_sdt=0%2C5&q=Smart-Home-Automation&btnG=,https://github.com/abhijain2472/IoT-Smart-Home-Automation,4.5/5
P061,Weather Monitoring System,A device that collects weather data and displays it on a web interface.,"Raspberry Pi, Python, DHT11",Internet of Things,"Data Collection, Web Development",Intermediate,Basic programming knowledge,Implementation,3 months,"Weather, IoT",https://scholar.google.com/scholar?hl=en&as_sdt=0%2C5&q=Weather+Monitoring+System&btnG=,https://github.com/saptajitbanerjee/AWS-IoT-Weather-Monitoring-System,4.0/5
P062,Smart Agriculture System,An IoT-based system to monitor soil moisture and automate irrigation.,"Arduino, Soil Moisture Sensor, Wi-Fi Module",Internet of Things,"Agricultural Technology, IoT",Advanced,Knowledge of sensors,Implementation,4 months,"Agriculture, IoT",https://scholar.google.com/scholar?hl=en&as_sdt=0%2C5&q=Smart+Agriculture+System&btnG=,https://github.com/ankitsagar/Smart-Agriculture,4.7/5
P063,Health Monitoring Wearable,A wearable device that tracks vital signs and sends alerts to users.,"Arduino, Heart Rate Sensor, Bluetooth",Internet of Things,"Wearable Technology, Mobile App Development",Intermediate,Basic electronics knowledge,Implementation,3 months,"Health, IoT",https://scholar.google.com/scholar?hl=en&as_sdt=0%2C5&q=Health+Monitoring+Wearable&btnG=,https://github.com/Joel-T-George/Smart-Cloth-Based-on-Wearable-Device-for-Health-Monitoring-with-IoT-Connectivity,4.6/5
P064,Smart Waste Management,A system to monitor waste levels in bins and optimize collection routes.,"Raspberry Pi, Ultrasonic Sensor, GPS",Internet of Things,"Data Analytics, IoT",Intermediate,Basic programming knowledge,Implementation,3 months,"Waste Management, IoT",https://scholar.google.com/scholar?hl=en&as_sdt=0%2C5&q=Smart-Waste-Management-System&btnG=,https://github.com/sm2312/Smart-Waste-Management-System,4.3/5
P065,Smart Traffic Management,An IoT solution to manage traffic flow and reduce congestion in urban areas.,"Arduino, Raspberry Pi, Camera Module",Internet of Things,"Traffic Management, IoT",Advanced,Knowledge of image processing,Implementation,5 months,"Traffic, IoT",https://scholar.google.com/scholar?hl=en&as_sdt=0%2C5&q=Smart+Traffic+Management&btnG=,https://github.com/iamrishav111/Smart-Traffic-Management-System,4.8/5
P066,Smart Energy Meter,A device that monitors energy consumption and provides usage statistics.,"Arduino, Current Sensor, Wi-Fi Module",Internet of Things,"Energy Management, IoT",Intermediate,Basic electronics knowledge,Implementation,2 months,"Energy, IoT",https://scholar.google.com/scholar?hl=en&as_sdt=0%2C5&q=Smart+Energy+Meter&btnG=,https://github.com/renuka-fernando/smart-meter,4.4/5
P067,Smart Pet Feeder,An automated pet feeder that dispenses food at scheduled times.,"Arduino, Servo Motor, Wi-Fi Module",Internet of Things,"Embedded Systems, IoT",Beginner,Basic electronics knowledge,Implementation,1 month,"Pets, IoT",https://scholar.google.com/scholar?hl=en&as_sdt=0%2C5&q=Smart+Pet+Feeder&btnG=,https://www.google.com/search?q=Smart+Pet+Feeder%0D%0A%0D%0A+%2Bgit+hub&sca_esv=2f601072485c5a0d&rlz=1C1CHBF_en-GBIN1109IN1109&sxsrf=AHTn8zq_aNdS_P3fiehFAQHJKHs2BElmBg%3A1737975914260&ei=amiXZ57PD5GXnesP9OX_GA&ved=0ahUKEwierP3n4JWLAxWRS2cHHfTyHwMQ4dUDCBA&uact=5&oq=Smart+Pet+Feeder%0D%0A%0D%0A+%2Bgit+hub&gs_lp=Egxnd3Mtd2l6LXNlcnAiG1NtYXJ0IFBldCBGZWVkZXIKCiArZ2l0IGh1YkgAUABYAHAAeACQAQCYAQCgAQCqAQC4AQPIAQD4AQH4AQKYAgCgAgCYAwCSBwCgBwA&sclient=gws-wiz-serp,4.2/5
P068,Remote Patient Monitoring,A system to monitor patients' health remotely and send alerts to doctors.,"Raspberry Pi, Heart Rate Sensor, Wi-Fi Module",Internet of Things,"Healthcare, IoT",Advanced,Knowledge of healthcare systems,Implementation,4 months,"Healthcare, IoT",https://scholar.google.com/scholar?hl=en&as_sdt=0%2C5&q=Smart+Pet+Feeder&btnG=,https://github.com/ndming/remote-patient-monitoring,4.9/5
P069,Smart Parking System,An IoT-based solution to find available parking spots in real-time.,"Arduino, Ultrasonic Sensor, GPS",Internet of Things,"Urban Planning, IoT",Intermediate,Basic programming knowledge,Implementation,3 months,"Parking, IoT",https://scholar.google.com/scholar?hl=en&as_sdt=0%2C5&q=Smart+Parking+System&btnG=,https://github.com/abhishekapk/SMART-PARKING-SYSTEM,4.5/5
P070,Smart Irrigation System,An automated irrigation system that optimizes water usage based on soil moisture.,"Arduino, Soil Moisture Sensor, Relay Module",Internet of Things,"Agricultural Technology, IoT",Intermediate,Basic electronics knowledge,Implementation,3 months,"Irrigation, IoT",https://scholar.google.com/scholar?hl=en&as_sdt=0%2C5&q=Smart+Irrigation+System&btnG=,https://github.com/jeroenterheerdt/HAsmartirrigation,4.6/5
P071,Smart Air Quality Monitor,A device that monitors air quality and provides real-time data to users.,"Arduino, MQ-135 Sensor, Wi-Fi Module",Internet of Things,"Environmental Monitoring, IoT",Intermediate,Basic programming knowledge,Implementation,2 months,"Air Quality, IoT",https://scholar.google.com/scholar?hl=en&as_sdt=0%2C5&q=Smart+Air+Quality+Monitor&btnG=,https://github.com/bairwa25/air_quality,4.3/5
P072,Smart Door Lock System,An IoT-enabled door lock that can be controlled remotely via a smartphone.,"Arduino, Servo Motor, Wi-Fi Module",Internet of Things,"Security Systems, IoT",Advanced,Knowledge of security protocols,Implementation,4 months,"Security, IoT",https://scholar.google.com/scholar?hl=en&as_sdt=0%2C5&q=Smart+Door+Lock+System&btnG=,https://github.com/raunakmallick18/IOT_Major_Project,4.8/5
P073,Smart Fitness Tracker,A wearable device that tracks physical activity and health metrics.,"Arduino, Accelerometer, Bluetooth",Internet of Things,"Wearable Technology, IoT",Intermediate,Basic electronics knowledge,Implementation,3 months,"Fitness, IoT",https://scholar.google.com/scholar?hl=en&as_sdt=0%2C5&q=Smart+Fitness+Tracker&btnG=,https://github.com/siddhant-vij/Health-Fitness-Tracker,4.4/5
P074,Cloud-Based File Storage System,"This project aims to create a user-friendly interface for file management in the cloud, utilizing AWS S3 for storage.","Python, Flask, AWS S3",Cloud Computing,"Python programming, Cloud Storage Basics",Beginner,Basic Python and AWS knowledge,Implementation Prototype,2 months,"file storage, cloud, AWS",https://scholar.google.com/scholar?hl=en&as_sdt=0%2C5&q=Cloud-Based+File+Storage+System&btnG=,https://github.com/PtPrashantTripathi/cloud-storage-system,Not Rated
P075,Real-Time Chat Application,This project focuses on building a scalable chat application that can handle multiple users simultaneously using cloud technologies.,"Node.js, Socket.io, MongoDB",Cloud Computing,"JavaScript, Real-Time Communication",Intermediate,Basics of Node.js and WebSockets,Product Development,3 months,"chat, communication, real-time, Node.js",https://scholar.google.com/scholar?hl=en&as_sdt=0%2C5&q=Real-Time+Chat+Application&btnG=,https://github.com/Rohail30/Real-Time-Chat-App,Not Rated
P076,Cloud-Based IoT Device Management,"This project aims to provide a centralized platform for managing IoT devices, enabling users to monitor and control devices remotely.","Python, MQTT, AWS IoT",Cloud Computing,"IoT, MQTT Protocol, Cloud Computing",Advanced,Basics of IoT protocols,Implementation Prototype,6 months,"IoT, cloud management, MQTT",https://scholar.google.com/scholar?hl=en&as_sdt=0%2C5&q=Cloud-Based+IoT+Device+Management&btnG=,https://github.com/ms-iot/iot-core-azure-dm-client,Not Rated
P077,Serverless Web Application,This project explores the benefits of serverless computing by creating a fully functional web application without managing servers.,"JavaScript, AWS Lambda, DynamoDB",Cloud Computing,"JavaScript, Serverless Computing Basics",Intermediate,Basics of serverless architecture,Product Development,4 months,"serverless, AWS Lambda, cloud",https://scholar.google.com/scholar?hl=en&as_sdt=0%2C5&q=Serverless+Web+Application&btnG=,https://github.com/yeshwanthlm/Serverless-Web-Application-on-AWS,Not Rated
P078,Cloud-Based Video Streaming Service,This project aims to build a scalable video streaming platform that can deliver high-quality content to users globally.,"Python, MQTT, AWS IoT",Cloud Computing,"IoT, MQTT Protocol, Cloud Computing",Advanced,Basics of IoT protocols,Implementation Prototype,6 months,"IoT, cloud management, MQTT",https://scholar.google.com/scholar?hl=en&as_sdt=0%2C5&q=Cloud-Based+Video+Streaming+Service&btnG=,https://github.com/hetjagani/Video-Streaming-Service,Not Rated
P079,Intrusion Detection System,Develop a system to detect unauthorized access to a network.,"Python, Scikit-learn, Snort, Wireshark",Cybersecurity,"Network Security, Machine Learning, Python",Advanced,"Basic networking, Python programming, Security fundamentals",Research,6 months,"Intrusion Detection, Network Security, Anomaly Detection",https://scholar.google.com/scholar?hl=en&as_sdt=0%2C5&q=Intrusion+Detection+System+&btnG=,https://github.com/Western-OC2-Lab/Intrusion-Detection-System-Using-Machine-Learning.git,4.6/5
P080,Phishing Email Detection,Create a tool to identify phishing emails using natural language processing.,"Python, NLTK, TensorFlow, Scikit-learn",Cybersecurity,"NLP, Machine Learning, Python",Intermediate,"Email protocols, Python basics, NLP fundamentals",Tool Development,5 months,"Phishing, Email Security, NLP",https://scholar.google.com/scholar?hl=en&as_sdt=0%2C5&q=Phishing+Email+Detection&btnG=,https://github.com/morgenm/nlp-ai-phishing.git,4.5/5
P081,Secure Chat Application,Build a secure messaging app with end-to-end encryption.,"Java, AES, RSA, Firebase",Cybersecurity,"Cryptography, Java Programming, Mobile Development",Intermediate,"Java programming, Encryption techniques, Mobile app basics",Application Development,4 months,"Secure Messaging, Encryption, Privacy",https://scholar.google.com/scholar?hl=en&as_sdt=0%2C5&q=Secure+Chat+Application&btnG=,https://github.com/AhmedIssa11/Real-Time-Secure-Chat-Application.git,4.4/5
P082,Firewall Implementation,Design and implement a firewall to protect a network from unauthorized access.,"Linux, iptables, Python, Wireshark",Cybersecurity,"Networking, Linux, Python",Intermediate,"Network protocols, Linux basics, Security concepts",Infrastructure,5 months,"Firewall, Network Security, Access Control",https://scholar.google.com/scholar?hl=en&as_sdt=0%2C5&q=Firewall+Implementation&btnG=,https://github.com/tharaka27/firewall.git,4.3/5
P083,Malware Analysis,Analyze malware samples to understand their behavior and develop countermeasures.,"Python, IDA Pro, OllyDbg, Cuckoo Sandbox",Cybersecurity,"Reverse Engineering, Malware Analysis, Python",Advanced,"Malware analysis basics, Python programming, Reverse engineering",Research,7 months,"Malware, Reverse Engineering, Security",https://scholar.google.com/scholar?hl=en&as_sdt=0%2C5&q=Malware+Analysis&btnG=,https://github.com/rshipp/awesome-malware-analysis.git,4.7/5
P084,Password Cracking Tool,Develop a tool to test the strength of passwords using brute force and dictionary attacks.,"C++, Hashcat, John the Ripper, OpenSSL",Cybersecurity,"Password Security, C++ Programming, Cryptography",Intermediate,"Password security concepts, C++ basics, Cryptography",Tool Development,4 months,"Password Security, Cracking, Cryptography",https://scholar.google.com/scholar?hl=en&as_sdt=0%2C5&q=Password+Cracking+Tool&btnG=,https://github.com/n0kovo/awesome-password-cracking.git,4.2/5
P085,Web Application Security Scanner,Create a scanner to identify vulnerabilities in web applications.,"JavaScript, OWASP ZAP, Burp Suite, Node.js",Cybersecurity,"Web Security, JavaScript, Vulnerability Assessment",Advanced,"Web development basics, Security testing, JavaScript",Tool Development,6 months,"Web Security, Vulnerability, Scanning",https://scholar.google.com/scholar?hl=en&as_sdt=0%2C5&q=Web+Application+Security+Scanner&btnG=,https://github.com/psiinon/open-source-web-scanners.git,4.8/5
P086,Data Encryption Software,Develop software to encrypt and decrypt files using advanced algorithms.,"C#, AES, RSA, .NET",Cybersecurity,"Cryptography, C# Programming, Software Development",Intermediate,"Encryption algorithms, C# basics, Software development",Application Development,5 months,"Data Encryption, Security, Privacy",https://scholar.google.com/scholar?hl=en&as_sdt=0%2C5&q=Data+Encryption+Software&btnG=,https://github.com/HACKERALERT/Picocrypt.git,4.5/5
P087,Network Traffic Monitoring,Monitor and analyze network traffic to detect anomalies.,"Wireshark, Python, TCPDump, Splunk",Cybersecurity,"Network Analysis, Python, Data Analysis",Intermediate,"Network protocols, Python basics, Data analysis",Research,4 months,"Network Monitoring, Anomaly Detection, Traffic Analysis",https://scholar.google.com/scholar?hl=en&as_sdt=0%2C5&q=+Network+Traffic+Monitoring&btnG=,https://github.com/zhongyang219/TrafficMonitor/blob/master/README_en-us.md,4.6/5
P088,Social Engineering Awareness Program,Design a program to educate users about social engineering attacks.,"HTML, CSS, JavaScript, Bootstrap",Cybersecurity,"User Education, Web Development, Social Engineering",Intermediate,"Social engineering concepts, Web development basics, User training",Education,3 months,"Social Engineering, User Awareness, Education",https://scholar.google.com/scholar?hl=en&as_sdt=0%2C5&q=Social+Engineering+Awareness+Program&btnG=,https://github.com/giuliacassara/awesome-social-engineering.git,4.3/5
P089,Decentralized Voting System,Develop a secure voting system using blockchain to ensure transparency and immutability.,"Ethereum, Solidity, IPFS, Truffle",Blockchain,"Solidity, Smart Contracts, Cryptography",Intermediate,"Basic blockchain knowledge, Programming skills, Understanding of voting systems",Application Development,6 months,"Voting, Security, Decentralization",https://scholar.google.com/scholar?hl=en&as_sdt=0%2C5&q=Decentralized+Voting+System&btnG=,https://github.com/Krish-Depani/Decentralized-Voting-System.git,4.5
P090,Supply Chain Tracking,Create a blockchain solution to enhance transparency in supply chain logistics.,"Hyperledger Fabric, Node.js, Docker, Composer",Blockchain,"Hyperledger, Supply Chain Management, JavaScript",Intermediate,"Supply chain basics, Blockchain fundamentals, JavaScript",Application Development,5 months,"Supply Chain, Transparency, Logistics",https://scholar.google.com/scholar?hl=en&as_sdt=0%2C5&q=Supply+Chain+Tracking&btnG=,https://github.com/splunk/supply-chain-tracking.git,4.6
P091,Blockchain-based Identity Verification,Implement a system for decentralized identity verification.,"Ethereum, Solidity, Metamask, Web3.js",Blockchain,"Solidity, Identity Management, Web Development",Intermediate,"Blockchain basics, Web development, Identity management",Application Development,4 months,"Identity, Verification, Security",https://scholar.google.com/scholar?hl=en&as_sdt=0%2C5&q=Blockchain-based+Identity+Verification&btnG=,https://github.com/Kayleexx/Blockchain-based-identity-verification.git,4.4
P092,Smart Contract Development,Develop and deploy smart contracts for various use cases.,"Ethereum, Solidity, Remix, Ganache",Blockchain,"Solidity, Smart Contracts, Testing",Advanced,"Experience with Ethereum, Programming skills, Understanding of smart contracts",Tool Development,7 months,"Smart Contracts, Automation, Blockchain",https://scholar.google.com/scholar?hl=en&as_sdt=0%2C5&q=Smart+Contract+Development&btnG=,https://remix.ethereum.org/,4.7
P093,Decentralized Finance (DeFi) Platform,Build a DeFi platform for peer-to-peer lending and borrowing.,"Ethereum, Solidity, Uniswap, Chainlink",Blockchain,"Solidity, Financial Systems, JavaScript",Advanced,"Financial systems knowledge, Blockchain basics, JavaScript",Application Development,8 months,"DeFi, Finance, Lending",https://scholar.google.com/scholar?hl=en&as_sdt=0%2C5&q=Decentralized+Finance+%28DeFi%29+Platform&btnG=,https://github.com/sergio11/defiplex_blockchain.git,4.8
P094,Blockchain-based Certificate Verification,Create a system to verify academic certificates using blockchain.,"Ethereum, Solidity, IPFS, React",Blockchain,"Solidity, Web Development, Cryptography",Intermediate,"Blockchain basics, Web development, Understanding of certificates",Application Development,5 months,"Verification, Education, Security",https://scholar.google.com/scholar?hl=en&as_sdt=0%2C5&q=Blockchain-based+Certificate+Verification&btnG=,https://github.com/nikhildsahu/E-Certify.git,4.3
P095,Blockchain for Healthcare Records,Develop a secure system for managing healthcare records using blockchain.,"Hyperledger Fabric, Node.js, Docker, Composer",Blockchain,"Hyperledger, Healthcare Data, JavaScript",Intermediate,"Healthcare data management, Blockchain fundamentals, JavaScript",Application Development,6 months,"Healthcare, Data Security, Privacy",https://scholar.google.com/scholar?hl=en&as_sdt=0%2C5&q=Blockchain+for+Healthcare+Records&btnG=,https://github.com/SuyashMore/SwasthyaChain.git,4.5
P096,Tokenization of Assets,Implement a platform for tokenizing real-world assets on the blockchain.,"Ethereum, Solidity, OpenZeppelin, Truffle",Blockchain,"Solidity, Asset Management, JavaScript",Advanced,"Asset management basics, Blockchain fundamentals, JavaScript",Application Development,7 months,"Tokenization, Assets, Blockchain",https://scholar.google.com/scholar?hl=en&as_sdt=0%2C5&q=Tokenization+of+Assets&btnG=,https://github.com/MystenLabs/asset-tokenization.git,4.6
P097,Blockchain-based Energy Trading,Create a decentralized platform for peer-to-peer energy trading.,"Ethereum, Solidity, Web3.js, React",Blockchain,"Solidity, Energy Markets, Web Development",Intermediate,"Energy market knowledge, Blockchain basics, Web development",Application Development,6 months,"Energy, Trading, Decentralization",https://scholar.google.com/scholar?hl=en&as_sdt=0%2C5&q=Blockchain-based+Energy+Trading&btnG=,https://github.com/saurabh1002/energy-trading-blockchain.git,4.4
P098,Blockchain-based Charity Platform,Develop a transparent charity platform using blockchain to track donations.,"Ethereum, Solidity, IPFS, Truffle",Blockchain,"Solidity, Fundraising, JavaScript",Intermediate,"Charity operations, Blockchain basics, JavaScript",Application Development,5 months,"Charity, Transparency, Donations",https://scholar.google.com/scholar?hl=en&as_sdt=0%2C5&q=Blockchain-based+Charity+Platform&btnG=,https://github.com/harshagr18/CharityBlockchain.git,4.5
